quanghoang0016@gmail.com,h123456,PleaseHangry,Member,55000
quanghoang0016@gmail.com,haa,PleaseHangry,Member,830000
quanghoang0016@gmail.com,2123456,PleaseHangry,Member,55000
quanghoang0016@gmail.com,3123456,PleaseHangry,Member,55000
kaka@gmail.com,1234,Quang,Member,50000
mama@gmail.com,kaka,Quang,Member,50000
maka@gmail.com,1234,Mka,Member,50000
sicula@gmail.com,m1m2,Silacu,Member,50000
12,12,12,Member,60000
mia,miaa,mia,Member,5000
trinhtran.dmx2@gmail.com,trinh123,Tran,Member,50000
trinhtran.dmx2@gmail.com,trinh123,,Member,50000
trinh@gmail.com,trinh,trinh,Member,5000
trinhtran@gmail.com,trinh,trinh,Member,5000
trinh,trinh,trinh,Member,5000
trinh,trinh123,trinh,Member,50000
